pod_count,duration_s,total_events,events_per_sec,causal_edges,edge_latency_min_ms,edge_latency_max_ms,edge_latency_mean_ms,edge_latency_stddev_ms,collector_mem_mb,collector_cpu_pct
5,122,95,.77,51,0.103,54904.083,9725.20049019608,13511.6929140889,7.9,0.0
10,122,175,1.43,90,0.138,53267.054,7495.68888888889,10772.6889980123,8.2,0.0
20,124,355,2.86,197,0.096,52308.476,10589.4970152284,12606.1684938624,8.8,0.0
